id,first_name,last_name,email,birth,gender,address,phone
1,Cull,Elles,celles0@sphinn.com,2023/06/08,Male,Suite 61,203-723-0280
2,Inna,Playford,iplayford1@rambler.ru,2023/04/13,Female,9th Floor,766-731-6938
3,Garald,Child,gchild2@businesswire.com,2024/02/27,Male,Suite 29,216-404-4221
4,Richmond,Leakner,rleakner3@biglobe.ne.jp,2024/02/14,Male,Room 1764,992-338-9029
5,Laraine,Bradwell,lbradwell4@imgur.com,2023/12/12,Female,Apt 1458,790-371-9320
6,Margaux,Lawfull,mlawfull5@netvibes.com,2023/08/15,Female,Suite 54,967-815-8665
7,Donaugh,Doole,ddoole6@parallels.com,2023/08/22,Male,Apt 906,163-109-3307
8,Virge,Latliff,vlatliff7@odnoklassniki.ru,2024/01/25,Male,20th Floor,800-362-6755
9,Corly,MacGiolla,cmacgiolla8@rediff.com,2023/04/09,Female,Apt 1921,165-776-7378
10,Gage,Gaddie,ggaddie9@paginegialle.it,2023/09/22,Male,Apt 343,551-151-7921
11,Redd,Lutzmann,rlutzmanna@simplemachines.org,2023/08/16,Male,15th Floor,404-300-8226
12,Berton,Yarwood,byarwoodb@google.ca,2023/08/22,Male,PO Box 12912,320-893-0858
13,Jonah,Markova,jmarkovac@utexas.edu,2023/07/01,Male,2nd Floor,846-151-2301
14,Selby,Braysher,sbraysherd@dropbox.com,2023/12/16,Male,Apt 799,232-219-9452
15,Cathee,Childs,cchildse@cdc.gov,2024/03/17,Female,Suite 80,405-157-0470
16,Humberto,McAlpin,hmcalpinf@cargocollective.com,2024/01/04,Male,PO Box 27243,913-799-0767
17,Val,Studdard,vstuddardg@wp.com,2023/05/02,Female,Room 873,745-960-4912
18,Barney,Potteril,bpotterilh@ifeng.com,2023/11/03,Male,PO Box 59273,700-934-6677
19,Riki,Briereton,rbrieretoni@newyorker.com,2023/07/04,Female,Apt 38,715-602-0648
20,Rosalinda,Hendron,rhendronj@about.me,2024/03/01,Female,Room 194,106-199-0276
