id,first_name,last_name,email,speciality,phone,room
1,Mel,Dottrell,mdottrell0@reddit.com,NEU,993-466-5878,1
2,Bernardine,Bulle,bbulle1@qq.com,NEU,650-878-3574,2
3,Trevor,Bernardo,tbernardo2@cyberchimps.com,PSI,107-454-1812,3
4,Shirl,Windeatt,swindeatt3@google.it,PSI,137-557-3722,4
5,Adore,Chicco,achicco4@xrea.com,NEO,107-785-7229,5
6,Elvin,Halesworth,ehalesworth5@arizona.edu,NEO,398-374-5053,6
7,Dorothea,Agirre,dagirre6@cafepress.com,NUTRI,770-323-8562,7
8,Jeffy,Bockett,jbockett7@mysql.com,NEO,840-267-0307,8
9,Jakob,Gobbet,jgobbet8@google.com,NEO,154-436-8354,9
10,Al,Arnould,aarnould9@nsw.gov.au,NUTRI,179-779-4754,10
11,Milena,Verrell,mverrella@hatena.ne.jp,NEU,189-688-1661,11
12,Corrie,Skehan,cskehanb@rakuten.co.jp,PSI,996-789-2485,12
13,Elianora,Winham,ewinhamc@mysql.com,ODON,954-468-4017,13
14,Mireielle,Patriskson,mpatrisksond@csmonitor.com,NEO,811-792-9101,14
15,Jodi,Tutchings,jtutchingse@vinaora.com,PSI,690-906-7282,15
16,Hieronymus,Coppen,hcoppenf@themeforest.net,PSI,825-507-7003,16
17,Genevieve,Tudor,gtudorg@cbslocal.com,NEU,835-585-5092,17
18,Halsey,Guttridge,hguttridgeh@marriott.com,PSI,702-742-9807,18
19,Corney,Bleibaum,cbleibaumi@huffingtonpost.com,PSI,547-429-6657,19
20,Booth,Hoff,bhoffj@phpbb.com,NEU,897-967-7018,20
21,Gerta,Cornelius,gcorneliusk@tripod.com,NEO,788-865-6698,21
22,Gizela,Thresher,gthresherl@shareasale.com,PSI,588-350-2102,22
23,Wildon,Malinson,wmalinsonm@alibaba.com,NUTRI,880-318-2703,23
24,Therine,Farlambe,tfarlamben@networkadvertising.org,NEO,161-623-2021,24
25,Carmelita,Daniel,cdanielo@wordpress.com,PSI,963-575-5626,25
26,Fionna,Fullerlove,ffullerlovep@nps.gov,PSI,7-918-6827,26
